{
  "n_replayed": 414,
  "total_div_r": -29.25194764734379,
  "total_div_dollar": 7.181295449972758
}