{
  "timestamp": 1779466508.3026402,
  "elapsed": 1.913275957107544,
  "per_symbol": {
    "NAS100.r": {
      "trades": 92,
      "pf": 10.29,
      "pnl": 577.0,
      "wr": 0,
      "avg_r": 0.76,
      "elapsed": 0.05488300323486328
    },
    "SP500.r": {
      "trades": 412,
      "pf": 9.4,
      "pnl": 2450197.04,
      "wr": 0,
      "avg_r": 3.63,
      "elapsed": 0.34337496757507324
    },
    "USOUSD": {
      "trades": 451,
      "pf": 8.13,
      "pnl": 24601.63,
      "wr": 0,
      "avg_r": 0.97,
      "elapsed": 0.2588937282562256
    },
    "USDCAD": {
      "trades": 351,
      "pf": 7.98,
      "pnl": 11308.96,
      "wr": 0,
      "avg_r": 1.12,
      "elapsed": 0.36260104179382324
    },
    "JPN225ft": {
      "trades": 60,
      "pf": 6.97,
      "pnl": 527.03,
      "wr": 0,
      "avg_r": 0.84,
      "elapsed": 0.05784893035888672
    },
    "XAGUSD": {
      "trades": 44,
      "pf": 6.83,
      "pnl": 1544.77,
      "wr": 0,
      "avg_r": 4.85,
      "elapsed": 0.05070900917053223
    },
    "XPTUSD.r": {
      "trades": 519,
      "pf": 6.29,
      "pnl": 26165.63,
      "wr": 0,
      "avg_r": 0.98,
      "elapsed": 0.3143131732940674
    },
    "DJ30.r": {
      "trades": 523,
      "pf": 5.54,
      "pnl": 130835.94,
      "wr": 0,
      "avg_r": 1.58,
      "elapsed": 0.3488466739654541
    },
    "US2000.r": {
      "trades": 407,
      "pf": 5.51,
      "pnl": 137246.83,
      "wr": 0,
      "avg_r": 2.26,
      "elapsed": 0.3587179183959961
    },
    "ETHUSD": {
      "trades": 772,
      "pf": 5.41,
      "pnl": 8669.3,
      "wr": 0,
      "avg_r": 0.73,
      "elapsed": 0.5087628364562988
    },
    "UKOUSD": {
      "trades": 488,
      "pf": 5.27,
      "pnl": 535558.46,
      "wr": 0,
      "avg_r": 2.25,
      "elapsed": 0.24722909927368164
    },
    "AUDJPY": {
      "trades": 454,
      "pf": 5.16,
      "pnl": 8193.94,
      "wr": 0,
      "avg_r": 0.79,
      "elapsed": 0.38846898078918457
    },
    "XAUUSD": {
      "trades": 82,
      "pf": 4.48,
      "pnl": 1318.35,
      "wr": 0,
      "avg_r": 1.97,
      "elapsed": 0.07477784156799316
    },
    "BTCUSD": {
      "trades": 101,
      "pf": 3.57,
      "pnl": 132.98,
      "wr": 0,
      "avg_r": 0.25,
      "elapsed": 0.08529782295227051
    },
    "SPI200.r": {
      "trades": 268,
      "pf": 3.31,
      "pnl": 3212.76,
      "wr": 0,
      "avg_r": 0.78,
      "elapsed": 0.34529709815979004
    },
    "HK50.r": {
      "trades": 248,
      "pf": 3.27,
      "pnl": 1074.83,
      "wr": 0,
      "avg_r": 0.5,
      "elapsed": 0.23231911659240723
    },
    "SWI20.r": {
      "trades": 259,
      "pf": 3.23,
      "pnl": 3205.42,
      "wr": 0,
      "avg_r": 1.53,
      "elapsed": 0.18567299842834473
    },
    "CHFJPY": {
      "trades": 262,
      "pf": 3.2,
      "pnl": 1149.87,
      "wr": 0,
      "avg_r": 0.49,
      "elapsed": 0.3340752124786377
    },
    "GBPJPY": {
      "trades": 461,
      "pf": 2.99,
      "pnl": 1599.54,
      "wr": 0,
      "avg_r": 0.31,
      "elapsed": 0.34801721572875977
    },
    "EURUSD": {
      "trades": 359,
      "pf": 2.88,
      "pnl": 69314.86,
      "wr": 0,
      "avg_r": 1.57,
      "elapsed": 0.32944512367248535
    },
    "CADJPY": {
      "trades": 426,
      "pf": 2.53,
      "pnl": 1170.85,
      "wr": 0,
      "avg_r": 0.29,
      "elapsed": 0.26796913146972656
    },
    "EURJPY": {
      "trades": 159,
      "pf": 2.22,
      "pnl": 418.03,
      "wr": 0,
      "avg_r": 0.32,
      "elapsed": 0.27591395378112793
    },
    "GBPUSD": {
      "trades": 177,
      "pf": 1.82,
      "pnl": 603.09,
      "wr": 0,
      "avg_r": 0.39,
      "elapsed": 0.34599828720092773
    },
    "USDJPY": {
      "trades": 37,
      "pf": 1.28,
      "pnl": 18.48,
      "wr": 0,
      "avg_r": 0.16,
      "elapsed": 0.04609107971191406
    }
  },
  "errors": {},
  "summary": {
    "total_trades": 7412,
    "total_pnl_compound_bt": 3418645.589999999,
    "avg_pf": 4.8983333333333325,
    "symbols_passing": 23,
    "symbols_marginal": 1,
    "symbols_negative": 0
  }
}